Lavera,Perin,Abc Enterprises Inc,678 3rd Ave,Miami,Miami-Dade,33196,14,305-606-7291,305-995-2078,lperin@perin.org,http://www.abcenterprisesinc.com
Arlette,Honeywell,Smc Inc,11279 Loytan St,Jacksonville,Duval,32254,19,904-775-4480,904-514-9918,ahoneywell@honeywell.com,http://www.smcinc.com
Tiffiny,Steffensmeier,Whitehall Robbins Labs Divsn,32860 Sierra Rd,Miami,Miami-Dade,33133,11,305-385-9695,305-304-6573,tiffiny_steffensmeier@cox.net,http://www.whitehallrobbinslabsdivsn.com
Pamella,Schmierer,K Cs Cstm Mouldings Windows,5161 Dorsett Rd,Homestead,Miami-Dade,33030,16,305-420-8970,305-575-8481,pamella.schmierer@schmierer.org,http://www.kcscstmmouldingswindows.com
Lucina,Lary,"Matricciani, Albert J Jr",8597 W National Ave,Cocoa,Brevard,32922,19,321-749-4981,321-632-4668,lucina_lary@cox.net,http://www.matriccianialbertjjr.com
Hillary,Skulski,Replica I,9 Wales Rd Ne #914,Homosassa,Citrus,34448,34,352-242-2570,352-990-5946,hillary.skulski@aol.com,http://www.replicai.com
Gracia,Melnyk,Juvenile & Adult Super,97 Airport Loop Dr,Jacksonville,Duval,32216,19,904-235-3633,904-627-4341,gracia@melnyk.com,http://www.juvenileadultsuper.com
Ashlyn,Pinilla,Art Crafters,703 Beville Rd,Opa Locka,Miami-Dade,33054,55,305-670-9628,305-857-5489,apinilla@cox.net,http://www.artcrafters.com
Marge,Limmel,"Bjork, Robert D Jr",189 Village Park Rd,Crestview,Okaloosa,32536,33,850-430-1663,850-330-8079,marge@gmail.com,http://www.bjorkrobertdjr.com
Avery,Steier,Dill Dill Carr & Stonbraker Pc,93 Redmond Rd #492,Orlando,Orange,32803,55,407-808-9439,407-945-8566,avery@cox.net,http://www.dilldillcarrstonbrakerpc.com
Ressie,Auffrey,"Faw, James C Cpa",23 Palo Alto Sq,Miami,Miami-Dade,33134,22,305-604-8981,305-287-4743,ressie.auffrey@yahoo.com,http://www.fawjamesccpa.com
Lorrine,Worlds,"Longo, Nicholas J Esq",8 Fair Lawn Ave,Tampa,Hillsborough,33614,19,813-769-2939,813-863-6467,lorrine.worlds@worlds.com,http://www.longonicholasjesq.com
Martina,Staback,Ace Signs Inc,7 W Wabansia Ave #227,Orlando,Orange,32822,34,407-471-6908,407-429-2145,martina_staback@staback.com,http://www.acesignsinc.com
Jerry,Zurcher,J & F Lumber,77 Massillon Rd #822,Satellite Beach,Brevard,32937,20,321-518-5938,321-597-2159,jzurcher@zurcher.org,http://www.jflumber.com
Theodora,Restrepo,"Kleri, Patricia S Esq",42744 Hamann Industrial Pky #82,Miami,Miami-Dade,33136,12,305-936-8226,305-573-1085,theodora.restrepo@restrepo.com,http://www.kleripatriciasesq.com
Jenelle,Regusters,"Haavisto, Brian F Esq",3211 E Northeast Loop,Tampa,Hillsborough,33619,22,813-932-8715,813-357-7296,jregusters@regusters.com,http://www.haavistobrianfesq.com
Roosevelt,Hoffis,"Denbrook, Myron",60 Old Dover Rd,Hialeah,Miami-Dade,33014,21,305-622-4739,305-302-1135,roosevelt.hoffis@aol.com,http://www.denbrookmyron.com
Denise,Patak,Spence Law Offices,2139 Santa Rosa Ave,Orlando,Orange,32801,43,407-446-4358,407-808-3254,denise@patak.org,http://www.spencelawoffices.com
Audry,Yaw,Mike Uchrin Htg & Air Cond Inc,70295 Pioneer Ct,Brandon,Hillsborough,33511,33,813-797-4816,813-744-7100,audry.yaw@yaw.org,http://www.mikeuchrinhtgaircondinc.com
Rikki,Nayar,Targan & Kievit Pa,1644 Clove Rd,Miami,Miami-Dade,33155,33,305-968-9487,305-978-2069,rikki@nayar.com,http://www.targankievitpa.com
Hoa,Sarao,"Kaplan, Joel S Esq",27846 Lafayette Ave,Oak Hill,Volusia,32759,55,386-526-7800,386-599-7296,hoa@sarao.org,http://www.kaplanjoelsesq.com
Joanna,Leinenbach,Levinson Axelrod Wheaton,1 Washington St,Lake Worth,Palm Beach,33461,16,561-470-4574,561-951-9734,joanna_leinenbach@hotmail.com,http://www.levinsonaxelrodwheaton.com
Jeanice,Claucherty,Accurel Systems Intrntl Corp,19 Amboy Ave,Miami,Miami-Dade,33142,43,305-988-4162,305-306-7834,jeanice.claucherty@yahoo.com,http://www.accurelsystemsintrntlcorp.com
Sharika,Eanes,Maccani & Delp,75698 N Fiesta Blvd,Orlando,Orange,32806,9,407-312-1691,407-472-1332,sharika.eanes@aol.com,http://www.maccanidelp.com
Nickolas,Juvera,United Oil Co Inc,177 S Rider Trl #52,Crystal River,Citrus,34429,21,352-598-8301,352-947-6152,nickolas_juvera@cox.net,http://www.unitedoilcoinc.com
Shawnda,Yori,Fiorucci Foods Usa Inc,50126 N Plankinton Ave,Longwood,Seminole,32750,14,407-538-5106,407-564-8113,shawnda.yori@yahoo.com,http://www.fioruccifoodsusainc.com
Jovita,Oles,"Pagano, Philip G Esq",8 S Haven St,Daytona Beach,Volusia,32114,11,386-248-4118,386-208-6976,joles@gmail.com,http://www.paganophilipgesq.com
Chauncey,Motley,Affiliated With Travelodge,63 E Aurora Dr,Orlando,Orange,32804,14,407-413-4842,407-557-8857,chauncey_motley@aol.com,http://www.affiliatedwithtravelodge.com
