Leota,Dilliard,Commercial Press,7 W Jackson Blvd,San Jose,Santa Clara,95111,20,408-752-3500,408-813-1105,leota@hotmail.com,http://www.commercialpress.com
Kiley,Caldarera,Feiner Bros,25 E 75th St #69,Los Angeles,Los Angeles,90034,55,310-498-5651,310-254-3084,kiley.caldarera@aol.com,http://www.feinerbros.com
Veronika,Inouye,C 4 Network Inc,6 Greenleaf Ave,San Jose,Santa Clara,95111,7,408-540-1785,408-813-4592,vinouye@aol.com,http://www.cnetworkinc.com
Rozella,Ostrosky,Parkway Company,17 Morena Blvd,Camarillo,Ventura,93012,19,805-832-6163,805-609-1531,rozella.ostrosky@ostrosky.com,http://www.parkwaycompany.com
Kanisha,Waycott,"Schroer, Gene E Esq",5 Tomahawk Dr,Los Angeles,Los Angeles,90006,25,323-453-2780,323-315-7314,kanisha_waycott@yahoo.com,http://www.schroergeneeesq.com
Shenika,Seewald,East Coast Marketing,4 Otis St,Van Nuys,Los Angeles,91405,12,818-423-4007,818-749-8650,shenika@gmail.com,http://www.eastcoastmarketing.com
Kallie,Blackwood,Rowley Schlimgen Inc,701 S Harrison Rd,San Francisco,San Francisco,94104,34,415-315-2761,415-604-7609,kallie.blackwood@gmail.com,http://www.rowleyschlimgeninc.com
Bobbye,Rhym,"Smits, Patricia Garity",30 W 80th St #1995,San Carlos,San Mateo,94070,21,650-528-5783,650-811-9032,brhym@rhym.com,http://www.smitspatriciagarity.com
Micaela,Rhymes,H Lee Leonard Attorney At Law,20932 Hedley St,Concord,Contra Costa,94520,11,925-647-3298,925-522-7798,micaela_rhymes@gmail.com,http://www.hleeleonardattorneyatlaw.com
Dominque,Dickerson,E A I Electronic Assocs Inc,69 Marquette Ave,Hayward,Alameda,94545,25,510-993-3758,510-901-7640,dominque.dickerson@dickerson.org,http://www.eaielectronicassocsinc.com
Stephaine,Barfield,Beutelschies & Company,47154 Whipple Ave Nw,Gardena,Los Angeles,90247,55,310-774-7643,310-968-1219,stephaine@barfield.com,http://www.beutelschiescompany.com
Tammara,Wardrip,Jewel My Shop Inc,4800 Black Horse Pike,Burlingame,San Mateo,94010,21,650-803-1936,650-216-5075,twardrip@cox.net,http://www.jewelmyshopinc.com
Cory,Gibes,Chinese Translation Resources,83649 W Belmont Ave,San Gabriel,Los Angeles,91776,11,626-572-1096,626-696-2777,cory.gibes@gmail.com,http://www.chinesetranslationresources.com
Elvera,Benimadho,Tree Musketeers,99385 Charity St #840,San Jose,Santa Clara,95110,15,408-703-8505,408-440-8447,elvera.benimadho@cox.net,http://www.treemusketeers.com
Carma,Vanheusen,Springfield Div Oh Edison Co,68556 Central Hwy,San Leandro,Alameda,94577,22,510-503-7169,510-452-4835,carma@cox.net,http://www.springfielddivohedisonco.com
Louisa,Cronauer,Pacific Grove Museum Ntrl Hist,524 Louisiana Ave Nw,San Leandro,Alameda,94577,25,510-828-7047,510-472-7758,louisa@cronauer.com,http://www.pacificgrovemuseumntrlhist.com
Shawna,Palaspas,"Windsor, James L Esq",5 N Cleveland Massillon Rd,Thousand Oaks,Ventura,91362,15,805-275-3566,805-638-6617,shawna_palaspas@palaspas.org,http://www.windsorjameslesq.com
Xuan,Rochin,"Carol, Drake Sparks Esq",2 Monroe St,San Mateo,San Mateo,94403,43,650-933-5072,650-247-2625,xuan@gmail.com,http://www.caroldrakesparksesq.com
Lindsey,Dilello,Biltmore Investors Bank,52777 Leaders Heights Rd,Ontario,San Bernardino,91761,55,909-639-9887,909-589-1693,lindsey.dilello@hotmail.com,http://www.biltmoreinvestorsbank.com
Devora,Perez,Desco Equipment Corp,72868 Blackington Ave,Oakland,Alameda,94606,33,510-955-3016,510-755-9274,devora_perez@perez.org,http://www.descoequipmentcorp.com
Sheridan,Zane,Kentucky Tennessee Clay Co,2409 Alabama Rd,Riverside,Riverside,92501,33,951-645-3605,951-248-6822,sheridan.zane@zane.com,http://www.kentuckytennesseeclayco.com
Chau,Kitzman,"Benoff, Edward Esq",429 Tiger Ln,Beverly Hills,Los Angeles,90212,12,310-560-8022,310-969-7230,chau@gmail.com,http://www.benoffedwardesq.com
Kerry,Theodorov,Capitol Reporters,6916 W Main St,Sacramento,Sacramento,95827,55,916-591-3277,916-770-7448,kerry.theodorov@gmail.com,http://www.capitolreporters.com
Joesph,Degonia,A R Packaging,2887 Knowlton St #5435,Berkeley,Alameda,94710,14,510-677-9785,510-942-5916,joesph_degonia@degonia.org,http://www.arpackaging.com
Stephaine,Vinning,Birite Foodservice Distr,3717 Hamann Industrial Pky,San Francisco,San Francisco,94104,20,415-767-6596,415-712-9530,stephaine@cox.net,http://www.biritefoodservicedistr.com
Marguerita,Hiatt,"Haber, George D Md",82 N Highway 67,Oakley,Contra Costa,94561,25,925-634-7158,925-541-8521,marguerita.hiatt@gmail.com,http://www.habergeorgedmd.com
Benton,Skursky,Nercon Engineering & Mfg Inc,47939 Porter Ave,Gardena,Los Angeles,90248,33,310-579-2907,310-694-8466,benton.skursky@aol.com,http://www.nerconengineeringmfginc.com
Merilyn,Bayless,20 20 Printing Inc,195 13n N,Santa Clara,Santa Clara,95054,33,408-758-5015,408-346-2180,merilyn_bayless@cox.net,http://www.printinginc.com
Georgene,Montezuma,Payne Blades & Wellborn Pa,98 University Dr,San Ramon,Contra Costa,94583,19,925-615-5185,925-943-3449,gmontezuma@cox.net,http://www.paynebladeswellbornpa.com
Melodie,Knipp,Fleetwood Building Block Inc,326 E Main St #6496,Thousand Oaks,Ventura,91362,7,805-690-1682,805-810-8964,mknipp@gmail.com,http://www.fleetwoodbuildingblockinc.com
Norah,Waymire,"Carmichael, Jeffery L Esq",6 Middlegate Rd #106,San Francisco,San Francisco,94107,21,415-306-7897,415-874-2984,norah.waymire@gmail.com,http://www.carmichaeljefferylesq.com
Aliza,Baltimore,"Andrews, J Robert Esq",1128 Delaware St,San Jose,Santa Clara,95132,11,408-504-3552,408-425-1994,aliza@aol.com,http://www.andrewsjrobertesq.com
Mozell,Pelkowski,Winship & Byrne,577 Parade St,South San Francisco,San Mateo,94080,19,650-947-1215,650-960-1069,mpelkowski@pelkowski.org,http://www.winshipbyrne.com
Viola,Bitsuie,Burton & Davis,70 Mechanic St,Northridge,Los Angeles,91325,12,818-864-4875,818-481-5787,viola@gmail.com,http://www.burtondavis.com
Rima,Bevelacqua,Mcauley Mfg Co,2972 Lafayette Ave,Gardena,Los Angeles,90248,33,310-858-5079,310-499-4200,rima@cox.net,http://www.mcauleymfgco.com
Glendora,Sarbacher,Defur Voran Hanley Radcliff,2140 Diamond Blvd,Rohnert Park,Sonoma,94928,43,707-653-8214,707-881-3154,gsarbacher@gmail.com,http://www.defurvoranhanleyradcliff.com
Cristy,Lother,Kleensteel,3989 Portage Tr,Escondido,San Diego,92025,33,760-971-4322,760-465-4762,cristy@lother.com,http://www.kleensteel.com
Tiera,Frankel,Roland Ashcroft,87 Sierra Rd,El Monte,Los Angeles,91731,11,626-636-4117,626-638-4241,tfrankel@aol.com,http://www.rolandashcroft.com
Lashon,Vizarro,Sentry Signs,433 Westminster Blvd #590,Roseville,Placer,95661,34,916-741-7884,916-289-4526,lashon@aol.com,http://www.sentrysigns.com
Peggie,Sturiale,Henry County Middle School,9 N 14th St,El Cajon,San Diego,92020,12,619-608-1763,619-695-8086,peggie@cox.net,http://www.henrycountymiddleschool.com
Alyce,Arias,Fairbanks Scales,3196 S Rider Trl,Stockton,San Joaquin,95207,19,209-317-1801,209-242-7022,alyce@arias.org,http://www.fairbanksscales.com
Charlene,Hamilton,Oshins & Gibbons,985 E 6th Ave,Santa Rosa,Sonoma,95407,11,707-300-1771,707-821-8037,charlene.hamilton@hotmail.com,http://www.oshinsgibbons.com
Stevie,Westerbeck,"Wise, Dennis W Md",26659 N 13th St,Costa Mesa,Orange,92626,12,949-867-4077,949-903-3898,stevie.westerbeck@yahoo.com,http://www.wisedenniswmd.com
Joseph,Cryer,Ames Stationers,60 Fillmore Ave,Huntington Beach,Orange,92647,25,714-584-2237,714-698-2170,joseph_cryer@cox.net,http://www.amesstationers.com
Filiberto,Tawil,"Flash, Elena Salerno Esq",3882 W Congress St #799,Los Angeles,Los Angeles,90016,43,323-765-2528,323-842-8226,ftawil@hotmail.com,http://www.flashelenasalernoesq.com
Raul,Upthegrove,"Neeley, Gregory W Esq",4 E Colonial Dr,La Mesa,San Diego,91942,55,619-509-5282,619-666-4765,rupthegrove@yahoo.com,http://www.neeleygregorywesq.com
Olive,Matuszak,Colony Paints Sales Ofc & Plnt,13252 Lighthouse Ave,Cathedral City,Riverside,92234,15,760-938-6069,760-745-2649,olive@aol.com,http://www.colonypaintssalesofcplnt.com
Justine,Ferrario,Newhart Foods Inc,48 Stratford Ave,Pomona,Los Angeles,91768,8,909-993-3242,909-631-5703,jferrario@hotmail.com,http://www.newhartfoodsinc.com
Tarra,Nachor,Circuit Solution Inc,39 Moccasin Dr,San Francisco,San Francisco,94104,43,415-411-1775,415-284-2730,tarra.nachor@cox.net,http://www.circuitsolutioninc.com
Louvenia,Beech,John Ortiz Nts Therapy Center,598 43rd St,Beverly Hills,Los Angeles,90210,55,310-820-2117,310-652-2379,louvenia.beech@beech.com,http://www.johnortizntstherapycenter.com
Vincenza,Zepp,Kbor 1600 Am,395 S 6th St #2,El Cajon,San Diego,92020,33,619-603-5125,619-935-6661,vzepp@gmail.com,http://www.kboram.com
Venita,Maillard,Wallace Church Assoc Inc,72119 S Walker Ave #63,Anaheim,Orange,92801,11,714-523-6653,714-663-9740,venita_maillard@gmail.com,http://www.wallacechurchassocinc.com
Wynell,Dorshorst,"Haehnel, Craig W Esq",94290 S Buchanan St,Pacifica,San Mateo,94044,20,650-473-1262,650-749-9879,wynell_dorshorst@dorshorst.org,http://www.haehnelcraigwesq.com
Gayla,Schnitzler,Sigma Corp Of America,38 Pleasant Hill Rd,Hayward,Alameda,94545,12,510-686-3407,510-441-4055,gschnitzler@gmail.com,http://www.sigmacorpofamerica.com
Mitsue,Scipione,Students In Free Entrprs Natl,77 222 Dr,Oroville,Butte,95965,16,530-986-9272,530-399-3254,mscipione@scipione.com,http://www.studentsinfreeentrprsnatl.com
Lizbeth,Kohl,E T Balancing Co Inc,35433 Blake St #588,Gardena,Los Angeles,90248,43,310-699-1222,310-955-5788,lizbeth@yahoo.com,http://www.etbalancingcoinc.com
Brett,Mccullan,Five Star Limousines Of Tx Inc,87895 Concord Rd,La Mesa,San Diego,91942,15,619-461-9984,619-727-3892,brett.mccullan@mccullan.com,http://www.fivestarlimousinesoftxinc.com
Staci,Schmaltz,Midwest Contracting & Mfg Inc,18 Coronado Ave #563,Pasadena,Los Angeles,91106,21,626-866-2339,626-293-7678,staci_schmaltz@aol.com,http://www.midwestcontractingmfginc.com
Merissa,Tomblin,One Day Surgery Center Inc,34 Raritan Center Pky,Bellflower,Los Angeles,90706,16,562-579-6900,562-719-7922,merissa.tomblin@gmail.com,http://www.onedaysurgerycenterinc.com
Trinidad,Mcrae,Water Office,10276 Brooks St,San Francisco,San Francisco,94105,33,415-331-9634,415-419-1597,trinidad_mcrae@yahoo.com,http://www.wateroffice.com
Mari,Lueckenbach,"Westbrooks, Nelson E Jr",1 Century Park E,San Diego,San Diego,92110,34,858-793-9684,858-228-5683,mari_lueckenbach@yahoo.com,http://www.westbrooksnelsonejr.com
Antione,Onofrio,Jacobs & Gerber Inc,4 S Washington Ave,San Bernardino,San Bernardino,92410,21,909-430-7765,909-665-3223,aonofrio@onofrio.com,http://www.jacobsgerberinc.com
Clorinda,Heimann,"Haughey, Charles Jr",105 Richmond Valley Rd,Escondido,San Diego,92025,19,760-291-5497,760-261-4786,clorinda.heimann@hotmail.com,http://www.haugheycharlesjr.com
Dick,Wenzinger,Wheaton Plastic Products,22 Spruce St #595,Gardena,Los Angeles,90248,12,310-510-9713,310-936-2258,dick@yahoo.com,http://www.wheatonplasticproducts.com
Daniel,Perruzza,Gersh & Danielson,11360 S Halsted St,Santa Ana,Orange,92705,33,714-771-3880,714-531-1391,dperruzza@perruzza.com,http://www.gershdanielson.com
Cristal,Samara,Intermed Inc,4119 Metropolitan Dr,Los Angeles,Los Angeles,90021,15,213-975-8026,213-696-8004,cristal@cox.net,http://www.intermedinc.com
Rasheeda,Sayaphon,"Kummerer, J Michael Esq",251 Park Ave #979,Saratoga,Santa Clara,95070,7,408-805-4309,408-997-7490,rasheeda@aol.com,http://www.kummererjmichaelesq.com
Refugia,Jacobos,North Central Fl Sfty Cncl,2184 Worth St,Hayward,Alameda,94545,11,510-974-8671,510-509-3496,refugia.jacobos@jacobos.com,http://www.northcentralflsftycncl.com
Dorothy,Chesterfield,Cowan & Kelly,469 Outwater Ln,San Diego,San Diego,92126,43,858-617-7834,858-732-1884,dorothy@cox.net,http://www.cowankelly.com
Gail,Similton,"Johnson, Wes Esq",62 Monroe St,Thousand Palms,Riverside,92276,55,760-616-5388,760-493-9208,gail_similton@similton.com,http://www.johnsonwesesq.com
Thaddeus,Ankeny,Atc Contracting,5 Washington St #1,Roseville,Placer,95678,21,916-920-3571,916-459-2433,tankeny@ankeny.org,http://www.atccontracting.com
Lai,Harabedian,Buergi & Madden Scale,1933 Packer Ave #2,Novato,Marin,94945,9,415-423-3294,415-926-6089,lai@gmail.com,http://www.buergimaddenscale.com
