Minna,Amigon,"Dorl, James J Esq",2371 Jerrold Ave,Kulpsville,Montgomery,19443,33,215-874-1229,215-422-8694,minna_amigon@yahoo.com,http://www.dorljamesjesq.com
Bette,Nicka,Sport En Art,6 S 33rd St,Aston,Delaware,19014,8,610-545-3615,610-492-4643,bette_nicka@cox.net,http://www.sportenart.com
Blair,Malet,Bollinger Mach Shp & Shipyard,209 Decker Dr,Philadelphia,Philadelphia,19132,43,215-907-9111,215-794-4519,bmalet@yahoo.com,http://www.bollingermachshpshipyard.com
Marjory,Mastella,Vicon Corporation,71 San Mateo Ave,Wayne,Delaware,19087,33,610-814-5533,610-379-7125,mmastella@mastella.com,http://www.viconcorporation.com
Amber,Monarrez,Branford Wire & Mfg Co,14288 Foster Ave #4121,Jenkintown,Montgomery,19046,19,215-934-8655,215-329-6386,amber_monarrez@monarrez.org,http://www.branfordwiremfgco.com
Deeanna,Juhas,"Healy, George W Iv",14302 Pennsylvania Ave,Huntingdon Valley,Montgomery,19006,22,215-211-9589,215-417-9563,deeanna_juhas@gmail.com,http://www.healygeorgewiv.com
Elly,Morocco,Killion Industries,7 W 32nd St,Erie,Erie,16502,43,814-393-5571,814-420-3553,elly_morocco@gmail.com,http://www.killionindustries.com
Tyra,Shields,"Assink, Anne H Esq",3 Fort Worth Ave,Philadelphia,Philadelphia,19106,33,215-255-1641,215-228-8264,tshields@gmail.com,http://www.assinkannehesq.com
Edna,Miceli,Sampler,555 Main St,Erie,Erie,16502,19,814-460-2655,814-299-2877,emiceli@miceli.org,http://www.sampler.com
Rory,Papasergi,Bailey Cntl Co Div Babcock,83 County Road 437 #8581,Clarks Summit,Lackawanna,18411,33,570-867-7489,570-469-8401,rpapasergi@cox.net,http://www.baileycntlcodivbabcock.com
Dierdre,Yum,Cummins Southern Plains Inc,63381 Jenks Ave,Philadelphia,Philadelphia,19134,25,215-325-3042,215-346-4666,dyum@yahoo.com,http://www.cumminssouthernplainsinc.com
Evangelina,Radde,"Campbell, Jan Esq",992 Civic Center Dr,Philadelphia,Philadelphia,19123,33,215-964-3284,215-417-5612,evangelina@aol.com,http://www.campbelljanesq.com
Teri,Ennaco,Publishers Group West,99 Tank Farm Rd,Hazleton,Luzerne,18201,21,570-889-5187,570-355-1665,tennaco@gmail.com,http://www.publishersgroupwest.com
Ronny,Caiafa,Remaco Inc,73 Southern Blvd,Philadelphia,Philadelphia,19103,34,215-605-7570,215-511-3531,ronny.caiafa@caiafa.org,http://www.remacoinc.com
Franklyn,Emard,Olympic Graphic Arts,4379 Highway 116,Philadelphia,Philadelphia,19103,15,215-558-8189,215-483-3003,femard@emard.com,http://www.olympicgraphicarts.com
Freeman,Gochal,"Kellermann, William T Esq",383 Gunderman Rd #197,Coatesville,Chester,19320,19,610-476-3501,610-752-2683,freeman_gochal@aol.com,http://www.kellermannwilliamtesq.com
Vincent,Meinerding,"Arturi, Peter D Esq",4441 Point Term Mkt,Philadelphia,Philadelphia,19143,25,215-372-1718,215-829-4221,vincent.meinerding@hotmail.com,http://www.arturipeterdesq.com
My,Rantanen,"Bosco, Paul J",8 Mcarthur Ln,Richboro,Bucks,18954,11,215-491-5633,215-647-2158,my@hotmail.com,http://www.boscopaulj.com
Garry,Keetch,Italian Express Franchise Corp,5 Green Pond Rd #4,Southampton,Bucks,18966,11,215-979-8776,215-846-9046,garry_keetch@hotmail.com,http://www.italianexpressfranchisecorp.com
Felix,Hirpara,American Speedy Printing Ctrs,7563 Cornwall Rd #4462,Denver,Lancaster,17517,19,717-491-5643,717-583-1497,felix_hirpara@cox.net,http://www.americanspeedyprintingctrs.com
Fabiola,Hauenstein,Sidewinder Products Corp,8573 Lincoln Blvd,York,York,17404,11,717-809-3119,717-344-2804,fabiola.hauenstein@hauenstein.org,http://www.sidewinderproductscorp.com
Jesusita,Flister,"Schoen, Edward J Jr",3943 N Highland Ave,Lancaster,Lancaster,17601,34,717-885-9118,717-686-7564,jesusita.flister@hotmail.com,http://www.schoenedwardjjr.com
Jennie,Drymon,"Osborne, Michelle M Esq",63728 Poway Rd #1,Scranton,Lackawanna,18509,22,570-218-4831,570-868-8688,jennie@cox.net,http://www.osbornemichellemesq.com
Dalene,Schoeneck,"Sameshima, Douglas J Esq",910 Rahway Ave,Philadelphia,Philadelphia,19102,25,215-268-1275,215-380-8820,dalene@schoeneck.org,http://www.sameshimadouglasjesq.com
Lashandra,Klang,Acqua Group,810 N La Brea Ave,King of Prussia,Montgomery,19406,33,610-809-1818,610-378-7332,lashandra@yahoo.com,http://www.acquagroup.com
Ahmed,Angalich,Reese Plastics,2 W Beverly Blvd,Harrisburg,Dauphin,17110,15,717-528-8996,717-632-5831,ahmed.angalich@angalich.com,http://www.reeseplastics.com
Britt,Galam,Wheatley Trucking Company,2500 Pringle Rd Se #508,Hatfield,Montgomery,19440,33,215-888-3304,215-351-8523,britt@galam.org,http://www.wheatleytruckingcompany.com
Jacqueline,Rowling,John Hancock Mutl Life Ins Co,1 N San Saba,Erie,Erie,16501,11,814-865-8113,814-481-1700,jacqueline.rowling@yahoo.com,http://www.johnhancockmutllifeinsco.com
Loren,Asar,Olsen Payne & Company,6 Ridgewood Center Dr,Old Forge,Lackawanna,18518,33,570-648-3035,570-569-2356,loren.asar@aol.com,http://www.olsenpaynecompany.com
