Abel,Maclead,Rangoni Of Florence,37275 St  Rt 17m M,Middle Island,Suffolk,11953,43,631-335-3414,631-677-3675,amaclead@gmail.com,http://www.rangoniofflorence.com
Maryann,Royster,"Franklin, Peter L Esq",74 S Westgate St,Albany,Albany,12204,11,518-966-7987,518-448-8982,mroyster@royster.com,http://www.franklinpeterlesq.com
Willow,Kusko,U Pull It,90991 Thorburn Ave,New York,New York,10011,25,212-582-4976,212-934-5167,wkusko@yahoo.com,http://www.upullit.com
Alishia,Sergi,Milford Enterprises Inc,2742 Distribution Way,New York,New York,10025,33,212-860-1579,212-753-2740,asergi@gmail.com,http://www.milfordenterprisesinc.com
Jose,Stockham,Tri State Refueler Co,128 Bransten Rd,New York,New York,10011,11,212-675-8570,212-569-4233,jose@yahoo.com,http://www.tristaterefuelerco.com
Brock,Bolognia,Orinda News,4486 W O St #1,New York,New York,10003,55,212-402-9216,212-617-5063,bbolognia@yahoo.com,http://www.orindanews.com
Tonette,Wenner,Northwest Publishing,4545 Courthouse Rd,Westbury,Nassau,11590,11,516-968-6051,516-333-4861,twenner@aol.com,http://www.northwestpublishing.com
Tawna,Buvens,H H H Enterprises Inc,3305 Nabell Ave #679,New York,New York,10009,25,212-674-9610,212-462-9157,tawna@gmail.com,http://www.hhhenterprisesinc.com
Moon,Parlato,"Ambelang, Jessica M Md",74989 Brandon St,Wellsville,Allegany,14895,12,585-866-8313,585-498-4278,moon@yahoo.com,http://www.ambelangjessicammd.com
Timothy,Mulqueen,Saronix Nymph Products,44 W 4th St,Staten Island,Richmond,10309,20,718-332-6527,718-654-7063,timothy_mulqueen@mulqueen.org,http://www.saronixnymphproducts.com
Celeste,Korando,American Arts & Graphics,7 W Pinhook Rd,Lynbrook,Nassau,11563,33,516-509-2347,516-365-7266,ckorando@hotmail.com,http://www.americanartsgraphics.com
Herman,Demesa,Merlin Electric Co,9 Norristown Rd,Troy,Rensselaer,12180,34,518-497-2940,518-931-7852,hdemesa@cox.net,http://www.merlinelectricco.com
Bok,Isaacs,Nelson Hawaiian Ltd,6 Gilson St,Bronx,Bronx,10468,12,718-809-3762,718-478-8568,bok.isaacs@aol.com,http://www.nelsonhawaiianltd.com
Theola,Frey,Woodbridge Free Public Library,54169 N Main St,Massapequa,Nassau,11758,15,516-948-5768,516-357-3362,theola_frey@frey.com,http://www.woodbridgefreepubliclibrary.com
Ozell,Shealy,Silver Bros Inc,8 Industry Ln,New York,New York,10002,8,212-332-8435,212-880-8865,oshealy@hotmail.com,http://www.silverbrosinc.com
Yolando,Luczki,Dal Tile Corporation,422 E 21st St,Syracuse,Onondaga,13214,11,315-304-4759,315-640-6357,yolando@cox.net,http://www.daltilecorporation.com
Gregoria,Pawlowicz,Oh My Goodknits Inc,455 N Main Ave,Garden City,Nassau,11530,15,516-212-1915,516-376-4230,gpawlowicz@yahoo.com,http://www.ohmygoodknitsinc.com
Latrice,Tolfree,United Van Lines Agent,81 Norris Ave #525,Ronkonkoma,Suffolk,11779,43,631-957-7624,631-998-2102,latrice.tolfree@hotmail.com,http://www.unitedvanlinesagent.com
Nana,Wrinkles,"Ray, Milbern D",6 Van Buren St,Mount Vernon,Westchester,10553,10,914-855-2115,914-796-3775,nana@aol.com,http://www.raymilbernd.com
Layla,Springe,Chadds Ford Winery,229 N Forty Driv,New York,New York,10011,11,212-260-3151,212-253-7448,layla.springe@cox.net,http://www.chaddsfordwinery.com
Lemuel,Latzke,Computer Repair Service,70 Euclid Ave #722,Bohemia,Suffolk,11716,8,631-748-6479,631-291-4976,lemuel.latzke@gmail.com,http://www.computerrepairservice.com
Helga,Fredicks,Eis Environmental Engrs Inc,42754 S Ash Ave,Buffalo,Erie,14228,43,716-752-4114,716-854-9845,helga_fredicks@yahoo.com,http://www.eisenvironmentalengrsinc.com
Fausto,Agramonte,Marriott Hotels Resorts Suites,5 Harrison Rd,New York,New York,10038,33,212-313-1783,212-778-3063,fausto_agramonte@yahoo.com,http://www.marriotthotelsresortssuites.com
Alaine,Bergesen,Hispanic Magazine,7667 S Hulen St #42,Yonkers,Westchester,10701,19,914-300-9193,914-654-1426,alaine_bergesen@cox.net,http://www.hispanicmagazine.com
Justine,Mugnolo,Evans Rule Company,38062 E Main St,New York,New York,10048,16,212-304-9225,212-311-6377,jmugnolo@yahoo.com,http://www.evansrulecompany.com
Gwenn,Suffield,Deltam Systems Inc,3270 Dequindre Rd,Deer Park,Suffolk,11729,20,631-258-6558,631-295-9879,gwenn_suffield@suffield.org,http://www.deltamsystemsinc.com
Rhea,Aredondo,Double B Foods Inc,25657 Live Oak St,Brooklyn,Kings,11226,15,718-560-9537,718-280-4183,rhea_aredondo@cox.net,http://www.doublebfoodsinc.com
Haydee,Denooyer,Cleaning Station Inc,25346 New Rd,New York,New York,10016,19,212-792-8658,212-782-3493,hdenooyer@denooyer.org,http://www.cleaningstationinc.com
Mirta,Mallett,Stephen Kennerly Archts Inc Pc,7 S San Marcos Rd,New York,New York,10004,25,212-870-1286,212-745-6948,mirta_mallett@gmail.com,http://www.stephenkennerlyarchtsincpc.com
Barbra,Adkin,Binswanger,4 Kohler Memorial Dr,Brooklyn,Kings,11230,55,718-201-3751,718-732-9475,badkin@hotmail.com,http://www.binswanger.com
France,Buzick,In Travel Agency,64 Newman Springs Rd E,Brooklyn,Kings,11219,9,718-478-8504,718-853-3740,france.buzick@yahoo.com,http://www.intravelagency.com
Derick,Dhamer,"Studer, Eugene A Esq",87163 N Main Ave,New York,New York,10013,10,212-304-4515,212-225-9676,ddhamer@cox.net,http://www.studereugeneaesq.com
Kirk,Herritt,"Hasting, H Duane Esq",88 15th Ave Ne,Vestal,Broome,13850,19,607-407-3716,607-350-7690,kirk.herritt@aol.com,http://www.hastinghduaneesq.com
Shalon,Shadrick,Germer And Gertz Llp,61047 Mayfield Ave,Brooklyn,Kings,11223,33,718-232-2337,718-394-4974,shalon@cox.net,http://www.germerandgertzllp.com
Krissy,Rauser,"Anderson, Mark A Esq",8728 S Broad St,Coram,Suffolk,11727,22,631-443-4710,631-288-2866,krauser@cox.net,http://www.andersonmarkaesq.com
Sheron,Louissant,"Potter, Brenda J Cpa",97 E 3rd St #9,Long Island City,Queens,11101,33,718-976-8610,718-613-9994,sheron@aol.com,http://www.potterbrendajcpa.com
Cyril,Daufeldt,Galaxy International Inc,3 Lawton St,New York,New York,10013,19,212-745-8484,212-422-5427,cyril_daufeldt@daufeldt.com,http://www.galaxyinternationalinc.com
Ciara,Ventura,"Johnson, Robert M Esq",53 W Carey St,Port Jervis,Orange,12771,15,845-823-8877,845-694-7919,cventura@yahoo.com,http://www.johnsonrobertmesq.com
Mireya,Frerking,Roberts Supply Co Inc,8429 Miller Rd,Pelham,Westchester,10803,21,914-868-5965,914-883-3061,mireya.frerking@hotmail.com,http://www.robertssupplycoinc.com
Dean,Ketelsen,J M Custom Design Millwork,2 Flynn Rd,Hicksville,Nassau,11801,19,516-847-4418,516-732-6649,dean_ketelsen@gmail.com,http://www.jmcustomdesignmillwork.com
Janine,Rhoden,Nordic Group Inc,92 Broadway,Astoria,Queens,11103,19,718-228-5894,718-728-5051,jrhoden@yahoo.com,http://www.nordicgroupinc.com
Elli,Mclaird,Sportmaster Intrnatl,6 Sunrise Ave,Utica,Oneida,13501,16,315-818-2638,315-474-5570,emclaird@mclaird.com,http://www.sportmasterintrnatl.com
Leslie,Threets,C W D C Metal Fabricators,2 A Kelley Dr,Katonah,Westchester,10536,11,914-861-9748,914-396-2615,leslie@cox.net,http://www.cwdcmetalfabricators.com
Jess,Chaffins,New York Public Library,18 3rd Ave,New York,New York,10016,34,212-510-4633,212-428-9538,jess.chaffins@chaffins.org,http://www.newyorkpubliclibrary.com
Sharen,Bourbon,"Mccaleb, John A Esq",62 W Austin St,Syosset,Nassau,11791,33,516-816-1541,516-749-3188,sbourbon@yahoo.com,http://www.mccalebjohnaesq.com
Gilma,Liukko,Sammys Steak Den,16452 Greenwich St,Garden City,Nassau,11530,20,516-393-9967,516-407-9573,gilma_liukko@gmail.com,http://www.sammyssteakden.com
